id,inhabitants,inhabitants_from_european_union,inhabitants_from_france,inhabitants_from_greece,inhabitants_from_italy,inhabitants_from_austria,inhabitants_from_spain,inhabitants_from_poland,inhabitants_from_bulgaria,inhabitants_from_rumania,inhabitants_from_croatia,inhabitants_from_united_kingdom,inhabitants_from_former_yugoslavia,inhabitants_from_bosnia_herzegovina,inhabitants_from_serbia,inhabitants_from_former_soviet_union,inhabitants_from_russia,inhabitants_from_ukraine,inhabitants_from_kazakhstan,inhabitants_from_islamic_countries,inhabitants_from_turkey,inhabitants_from_iran,inhabitants_from_arabic_countries,inhabitants_from_lebanon,inhabitants_from_syria,inhabitants_from_vietnam,inhabitants_from_united_states,inhabitants_from_undefined,inhabitants_percentage,inhabitants_from_european_union_percentage,inhabitants_from_france_percentage,inhabitants_from_greece_percentage,inhabitants_from_italy_percentage,inhabitants_from_austria_percentage,inhabitants_from_spain_percentage,inhabitants_from_poland_percentage,inhabitants_from_bulgaria_percentage,inhabitants_from_rumania_percentage,inhabitants_from_croatia_percentage,inhabitants_from_united_kingdom_percentage,inhabitants_from_former_yugoslavia_percentage,inhabitants_from_bosnia_herzegovina_percentage,inhabitants_from_serbia_percentage,inhabitants_from_former_soviet_union_percentage,inhabitants_from_russia_percentage,inhabitants_from_ukraine_percentage,inhabitants_from_kazakhstan_percentage,inhabitants_from_islamic_countries_percentage,inhabitants_from_turkey_percentage,inhabitants_from_iran_percentage,inhabitants_from_arabic_countries_percentage,inhabitants_from_lebanon_percentage,inhabitants_from_syria_percentage,inhabitants_from_vietnam_percentage,inhabitants_from_united_states_percentage,inhabitants_from_undefined_percentage
0101,46069,17325,2030,689,2055,1059,1450,1566,2286,1101,776,308,1527,247,417,5785,2626,1058,307,9651,2614,587,4483,502,1207,1593,2124,1263,100.0,37.60663352796891,4.4064338275195905,1.495582712887191,4.460700253966876,2.298725824307018,3.1474527339425644,3.39924895265797,4.962122034339795,2.3898934207384577,1.684429876923745,0.6685623738305585,3.3145933274002037,0.5361522932991816,0.9051639931407236,12.557251079901885,5.700145434022879,2.2965551672491267,0.6663917167726672,20.94901126571013,5.674097549328182,1.2741756929822659,9.731055590527253,1.0896698430614946,2.6199830688749484,3.4578566932210384,4.610475590961384,2.7415398641168682
0102,40526,12973,1007,696,1253,454,679,590,3398,1306,918,538,2659,523,980,3089,1192,696,178,15049,6575,521,5995,1665,1226,343,639,2422,100.0,32.011548141933574,2.4848245570744707,1.7174159798647781,3.0918422740956424,1.1202684696244387,1.675467601046242,1.4558555001727287,8.384740660316833,3.222622513941667,2.2652124562009575,1.3275428120219117,6.5612199575581105,1.2905295365937917,2.418200661303854,7.622267186497557,2.9413216206879533,1.7174159798647781,0.4392242017470266,37.13418546118541,16.224152395992697,1.2855944332033755,14.792972412772048,4.108473572521344,3.0252183783250257,0.846370231456349,1.5767655332379213,5.976410205793811
0103,47000,11622,581,845,872,302,498,367,3009,2149,1016,519,3495,905,1225,2645,1144,459,303,23487,14297,191,6610,2200,1237,239,421,3556,100.0,24.727659574468085,1.2361702127659575,1.797872340425532,1.85531914893617,0.6425531914893617,1.0595744680851065,0.7808510638297872,6.402127659574468,4.572340425531915,2.1617021276595745,1.1042553191489362,7.436170212765958,1.925531914893617,2.606382978723404,5.627659574468085,2.4340425531914893,0.9765957446808511,0.6446808510638298,49.97234042553191,30.419148936170217,0.40638297872340423,14.063829787234042,4.680851063829787,2.6319148936170214,0.5085106382978724,0.8957446808510637,7.56595744680851
0104,55138,17494,1020,1096,1377,458,681,556,4758,3484,1153,695,4083,1059,1356,2554,1000,461,199,23013,12854,343,6901,1948,1288,391,559,3547,100.0,31.727665131125537,1.8499038775436178,1.9877398527331422,2.497370234683884,0.8306431136421343,1.235082882948239,1.0083789763865212,8.62925749936523,6.3186912836882,2.0911168341252857,1.2604737204831513,7.405056403931952,1.920635496390874,2.4592839783815155,4.63201421886902,1.8136312524937428,0.8360840073996154,0.36091261924625484,41.73709601363851,23.312416119554573,0.6220755196053539,12.515869273459321,3.5329536798578114,2.335957053211941,0.7091298197250535,1.0138198701440024,6.432950052595306
0201,27644,4271,295,346,518,178,244,216,944,557,155,174,906,286,251,1290,482,248,101,16408,10999,236,4354,1342,790,119,270,3116,100.0,15.450007234843005,1.0671393430762552,1.2516278396758789,1.873824338011865,0.6439010273477066,0.8826508464766314,0.7813630444219362,3.414845897844017,2.014903776588048,0.5607003328027782,0.6294313413398929,3.2773838807697873,1.0345825495586747,0.9079727969903053,4.666473737519896,1.7435971639415424,0.8971205324844451,0.36535957169729416,59.35465200405151,39.788019099985526,0.8537114744610043,15.750253219505137,4.854579655621473,2.857762986543192,0.4304731587324555,0.9767038055274201,11.271885400086818
0202,26607,9751,1215,551,1438,544,777,817,1376,467,323,467,1395,280,393,870,395,133,60,8719,5307,260,2601,866,514,80,1327,1583,100.0,36.64825046040516,4.566467470966288,2.0708836020596086,5.404592776337054,2.044574735971737,2.920284135753749,3.0706205133987297,5.171571390987334,1.7551772090051492,1.2139662494832186,1.7551772090051492,5.2429811703687,1.0523546435148645,1.4770549103619348,3.269816213778329,1.484571729244184,0.4998684556695606,0.22550456646747097,32.76957191716466,19.945878904047806,0.9771864546923742,9.775622956364867,3.254782576013831,1.9318224527380012,0.3006727552899613,4.987409328372233,5.949562145300109
0203,25268,6846,851,335,1039,426,626,729,683,413,157,161,708,181,226,523,171,86,49,11922,9941,141,1417,319,220,34,839,2150,100.0,27.09355706822859,3.3678961532372957,1.3257875573848346,4.111920215292069,1.68592686401773,2.4774418236504667,2.885072027861326,2.7030235871457973,1.6344783916416021,0.6213392433116985,0.6371695425043533,2.801962957099889,0.7163210384676271,0.894411904384993,2.0698116194396077,0.6767452904859902,0.3403514326420769,0.19392116511002058,47.182206743707454,39.342251068545195,0.5580180465410797,5.607883488997942,1.2624663606142157,0.8706664555960107,0.1345575431375653,3.320405255659332,8.508785816051924
0204,13239,4715,414,117,593,215,417,319,736,381,394,73,700,121,228,1610,704,264,162,2441,593,100,914,80,337,1367,358,391,100.0,35.61447239217463,3.127124405166554,0.8837525492861998,4.479190271168517,1.6239897273207946,3.149784726943122,2.409547548908528,5.55933227585165,2.877860865624292,2.9760555933227586,0.5514011632298512,5.28740841453282,0.9139663116549589,1.7221844550192613,12.161039353425487,5.317622176901579,1.9941083163380922,1.2236573759347382,18.43794848553516,4.479190271168517,0.7553440592189742,6.903844701261424,0.6042752473751795,2.545509479567943,10.325553289523377,2.704131732003928,2.9533952715461895
0205,22612,11238,1489,333,1644,649,1141,993,1423,347,444,206,988,255,273,1842,745,320,236,2893,624,120,1379,85,534,899,1046,489,100.0,49.69927472138688,6.584999115513887,1.4726693790907484,7.2704758535291,2.870157438528215,5.045993277905537,4.391473553865204,6.293118698036442,1.5345834070405093,1.9635591721209977,0.9110206969750574,4.369361401026004,1.1277197947992217,1.2073235450203432,8.146117105961437,3.294710773040863,1.4151777817088271,1.04369361401026,12.794091632761365,2.759596674332213,0.5306916681408101,6.098531753051477,0.3759065982664072,2.3615779232266054,3.975765080488236,4.625862373960729,2.1625685476738017
0301,2051,629,19,7,24,24,24,14,285,51,27,15,161,40,40,420,212,62,51,617,55,22,306,6,139,33,25,38,100.0,30.667966845441246,0.9263773768893223,0.3412969283276451,1.1701608971233546,1.1701608971233546,1.1701608971233546,0.6825938566552902,13.895660653339833,2.4865919063871282,1.3164310092637739,0.7313505607020965,7.849829351535837,1.9502681618722575,1.9502681618722575,20.477815699658702,10.336421257922964,3.0229156509019988,2.4865919063871282,30.082886396879573,2.681618722574354,1.0726474890297415,14.91955143832277,0.29254022428083865,6.777181862506095,1.6089712335446125,1.218917601170161,1.8527547537786446
0302,5538,2074,151,78,124,97,60,91,700,129,145,47,180,35,30,1189,521,158,231,1282,283,43,450,30,188,100,190,171,100.0,37.4503430841459,2.7266161068977968,1.4084507042253522,2.239075478512098,1.7515348501263996,1.0834236186348862,1.643192488262911,12.639942217407008,2.3293607800650054,2.6182737450343083,0.8486818345973276,3.2502708559046587,0.6319971108703504,0.5417118093174431,21.46984470928133,9.407728421812928,2.853015529071867,4.1711809317443125,23.149151318165405,5.110148067894547,0.7764535933550019,8.125677139761647,0.5417118093174431,3.3947273383893104,1.8057060310581439,3.430841459010473,3.087757313109426
0303,3429,1042,58,43,44,45,36,39,422,67,58,31,143,13,43,711,318,55,181,1241,115,26,593,30,225,58,36,73,100.0,30.387868183143773,1.6914552347623215,1.2540099154272382,1.2831729367162437,1.3123359580052494,1.0498687664041995,1.1373578302712162,12.306794983960339,1.9539224263633712,1.6914552347623215,0.9040536599591719,4.170312044327792,0.379119276757072,1.2540099154272382,20.73490813648294,9.273840769903762,1.603966170895305,5.278506853310002,36.19130941965587,3.3537474482356373,0.758238553514144,17.293671624380284,0.8748906386701663,6.561679790026247,1.6914552347623215,1.0498687664041995,2.1289005540974046
0304,11686,5157,497,125,529,349,298,311,1338,274,228,133,510,99,114,1766,717,291,226,2319,606,123,875,102,275,191,350,287,100.0,44.12972787951395,4.252952250556221,1.0696559986308403,4.526784186205717,2.9864795481773063,2.5500599007359233,2.661304124593531,11.449597809344516,2.344685948998802,1.9510525415026527,1.138113982543214,4.364196474413829,0.8471675509156255,0.9755262707513264,15.112099948656512,6.1355468081465,2.4901591648125962,1.9339380455245594,19.84425808659935,5.185692281362314,1.052541502652747,7.487591990415882,0.8728392948827657,2.3532431969878487,1.634434365907924,2.9950367961663527,2.455930172856409
0305,7918,3130,205,153,343,144,192,161,739,278,172,130,580,124,186,1118,466,167,130,1938,206,69,1054,45,543,357,145,128,100.0,39.53018438999747,2.5890376357666076,1.9323061379136146,4.331901995453397,1.8186410709775198,2.4248547613033593,2.0333417529679214,9.333164940641577,3.5109876231371557,2.172265723667593,1.6418287446324829,7.325082091437232,1.5660520333417531,2.3490780500126296,14.119727203839352,5.885324576913361,2.109118464258651,1.6418287446324829,24.475877746905784,2.601667087648396,0.8714321798433948,13.3114422834049,0.5683253346804749,6.857792371811064,4.5087143217984345,1.831270522859308,1.6165698408689064
0306,25274,11617,1348,417,1757,773,1054,1099,1563,414,391,197,735,130,200,2419,1081,410,159,3745,558,222,1880,98,640,939,1284,369,100.0,45.96423201709266,5.333544353881459,1.6499169106591753,6.951808182321753,3.058479069399383,4.17029358233758,4.348342169818786,6.184220938513888,1.638047004827095,1.547044393447812,0.7794571496399462,2.908126928859698,0.5143625860568173,0.7913270554720266,9.571100735934161,4.277122734826304,1.6222204637176545,0.6291050091002611,14.817599113713698,2.207802484766954,0.8783730315739495,7.43847432143705,0.387750257181293,2.532246577510485,3.7152805254411647,5.0803196961304105,1.459998417345889
0307,17548,8620,1103,318,1203,581,753,944,920,257,266,87,383,53,105,1519,711,262,126,1954,427,152,850,49,263,439,1238,225,100.0,49.12240711192158,6.285616594483702,1.8121723273307502,6.855482106222932,3.310918623204924,4.291087303396399,5.379530430818327,5.242762708000911,1.4645543651698198,1.5158422612263505,0.4957829952131297,2.182584909961249,0.30202872122179164,0.598358787326191,8.656257123318897,4.051743788465922,1.4930476407567814,0.7180305447914292,11.135172099384546,2.4333257351265103,0.8661955778436289,4.843856849783451,0.2792341007522225,1.4987462958741737,2.5017095965352176,7.054935035331662,1.2821974014132664
0401,9493,2901,64,58,113,52,59,46,1782,186,152,103,740,140,267,1196,413,210,147,3744,1600,321,1175,241,294,114,44,561,100.0,30.559359528073315,0.6741809754555989,0.6109765090066365,1.1903507847887917,0.5477720425576741,0.6215105867481302,0.48456757610871165,18.77172653534183,1.959338459917834,1.6011798167070472,1.0850100073738544,7.795217528705361,1.4747708838091225,2.812598756978826,12.598756978826502,4.350574107236911,2.212156325713684,1.5485094279995786,39.43958706415253,16.854524386389972,3.381438955019488,12.377541346255136,2.5387127356999892,3.097018855999157,1.2008848625302855,0.4634994206257242,5.909617612977984
0402,13481,4578,322,226,412,271,224,398,1152,290,245,164,710,142,236,1337,498,282,87,4298,874,492,1940,88,596,132,410,552,100.0,33.958905125732514,2.3885468437059565,1.6764334989985905,3.056153104369112,2.0102366293301683,1.6615978043171873,2.952303241599288,8.54536013648839,2.1511757288035014,1.8173725984719236,1.2165269638750835,5.266671611898227,1.0533343223796454,1.750611972405608,9.917661894518211,3.6940879756694605,2.091832950077887,0.6453527186410504,31.88190787033603,6.483198575773311,3.6495808916252503,14.390623840961354,0.6527705659817521,4.42103701505823,0.9791558489726281,3.041317409687709,4.094651732067354
0403,62549,21694,1897,1230,2500,1083,1174,1437,5079,1216,1312,937,3984,619,1627,7645,2641,1926,372,16445,6140,1854,6092,1099,1199,821,1947,3243,100.0,34.68320836464212,3.0328222673424037,1.966458296695391,3.9968664566979486,1.7314425490415515,1.8769284880653567,2.297398839309981,8.120033893427554,1.9440758445378823,2.0975555164750834,1.4980255479703912,6.369406385393852,0.989624134678412,2.601160690019025,12.222417624582327,4.222289724855713,3.0791859182401,0.5947337287566548,26.291387552159108,9.816304017650163,2.964076164287199,9.739564181681562,1.7570224943644182,1.9168971526323364,1.3125709443796063,3.1127595964763626,5.184735167628579
0404,15607,5636,423,313,513,301,230,312,1634,219,340,317,964,175,311,2810,1108,703,63,2980,940,559,978,108,146,113,691,752,100.0,36.11200102518101,2.710322291279554,2.0055103479208047,3.286986608573076,1.9286217722816685,1.4736976997501121,1.9991029666175435,10.469661049529057,1.4032165054142371,2.1785096431088613,2.03113987313385,6.176715576343948,1.1212917280707375,1.992695585314282,18.004741462164414,7.099378484013584,4.504389056192734,0.40366502210546545,19.093996283718845,6.022938425065676,3.5817261485230985,6.2664189145896065,0.6919971807522266,0.9354776702761582,0.7240340872685334,4.427500480553598,4.818350740052541
0405,32103,11426,984,693,1305,585,542,632,2722,522,603,689,2109,337,664,4344,1627,993,192,7852,2344,804,3283,352,832,353,1094,1588,100.0,35.59168925022583,3.065134099616858,2.1586767591813847,4.0650406504065035,1.822259601906364,1.68831573373205,1.9686633647945675,8.478958352801918,1.6260162601626018,1.8783291281188674,2.1462168644674953,6.569479487898327,1.0497461296452044,2.068342522505685,13.53144565928418,5.068062174874622,3.0931688627231098,0.5980749462667041,24.458773323365417,7.301498302339344,2.5044388374918234,10.226458586424943,1.0964707348222908,2.591658100489051,1.0995857085007632,3.407781204248824,4.946578201414198
0406,24,3,0,0,0,3,0,0,0,0,0,0,0,0,0,3,3,0,0,15,0,0,6,0,3,0,0,0,100.0,12.5,0.0,0.0,0.0,12.5,0.0,0.0,0.0,0.0,0.0,0.0,0.0,0.0,0.0,12.5,12.5,0.0,0.0,62.5,0.0,0.0,25.0,0.0,12.5,0.0,0.0,0.0
0501,36041,10773,167,287,555,226,168,353,5233,1106,950,614,3030,723,1049,5785,2482,645,1408,14584,6238,501,4383,875,1201,229,209,2291,100.0,29.890957520601535,0.4633611719985572,0.7963153075663827,1.5399128770011932,0.6270636219860715,0.46613578979495573,0.9794400821286868,14.519574928553592,3.068727282816792,2.635886906578619,1.7036153269887073,8.407091923087595,2.006048666796149,2.9105740684220747,16.051163952165588,6.886601370661191,1.7896284786770622,3.906661857329153,40.4650259426764,17.30806581393413,1.3900835159956717,12.161149801614828,2.427790571848728,3.332315973474654,0.6353874753752671,0.5798951194472961,6.35664937154907
0502,28539,8863,198,263,509,223,183,397,3902,972,901,522,2482,559,858,4059,1827,469,981,11286,3826,765,3962,591,1166,332,188,1436,100.0,31.05574827429132,0.6937874487543362,0.9215459546585375,1.7835243000805916,0.7813868741021058,0.6412277935456744,1.391078874522583,13.6725183082799,3.405865657521287,3.1570832895336207,1.829076001261432,8.696870948526577,1.958723150776131,3.006412277935457,14.222642699463892,6.401766004415011,1.6433652195241601,3.4374014506464836,39.54588457899716,13.406216055222679,2.6805424156417534,13.882756929114546,2.070850415221276,4.085637198219979,1.1633203686183817,0.6587476786152283,5.031710991975893
0503,12951,3734,66,132,200,63,49,88,2174,176,137,278,1120,126,416,1460,557,154,289,5248,2502,272,1664,275,406,200,56,1103,100.0,28.831750443981157,0.5096131572851518,1.0192263145703035,1.54428229480349,0.4864489228630994,0.3783491622268551,0.6794842097135356,16.786348544513938,1.3589684194270713,1.0578333719403907,2.1465523897768515,8.647980850899545,0.9728978457261988,3.2121071731912596,11.273260752065479,4.30082619102772,1.1890973669986875,2.231487915991043,40.52196741564358,19.318971507991662,2.1002239209327462,12.848428692765038,2.1233881553547986,3.134893058451085,1.54428229480349,0.43239904254497724,8.51671685584125
0504,3680,1207,60,28,102,82,53,98,416,29,42,65,221,28,64,422,190,42,36,1293,287,163,552,21,235,15,52,148,100.0,32.798913043478265,1.6304347826086956,0.7608695652173914,2.7717391304347827,2.2282608695652173,1.440217391304348,2.6630434782608696,11.304347826086957,0.7880434782608695,1.141304347826087,1.766304347826087,6.005434782608695,0.7608695652173914,1.7391304347826086,11.467391304347826,5.163043478260869,1.141304347826087,0.9782608695652175,35.13586956521739,7.79891304347826,4.429347826086957,15.0,0.5706521739130435,6.385869565217392,0.4076086956521739,1.4130434782608696,4.021739130434782
0601,21723,7715,405,564,747,337,253,354,2637,360,326,655,2082,448,577,2171,836,492,165,5481,2445,500,1721,308,372,222,667,1335,100.0,35.51535239147447,1.8643833724623673,2.596326474243889,3.4387515536528106,1.5513511025180684,1.16466418082217,1.629609170004143,12.139207291810523,1.657229664410993,1.5007135294388436,3.0152373060811124,9.58431155917691,2.0623302490447912,2.656170878792064,9.994015559545183,3.8484555540210836,2.2648805413616904,0.7595635961883718,25.231321640657367,11.255351470791327,2.30170786723749,7.922478479031442,1.417852046218294,1.7124706532246927,1.0219582930534457,3.0704782948948117,6.145560005524099
0602,19728,7101,211,433,402,292,193,263,3479,295,285,466,1672,375,490,2062,882,386,285,5802,2318,507,1884,334,541,128,669,1115,100.0,35.99452554744526,1.0695458231954582,2.1948499594484994,2.037712895377129,1.4801297648012977,0.9783049472830495,1.333130575831306,17.63483373884834,1.4953365774533658,1.444647201946472,2.362124898621249,8.475263584752636,1.9008515815085159,2.483779399837794,10.452149229521494,4.47080291970803,1.956609894566099,1.444647201946472,29.409975669099758,11.749797242497973,2.5699513381995134,9.549878345498783,1.6930251419302513,2.7422952149229523,0.6488240064882401,3.3911192214111923,5.651865369018654
0603,19842,6856,443,510,557,419,289,436,1922,304,386,425,1282,218,382,1840,784,330,152,5035,1423,661,1888,169,724,112,1401,956,100.0,34.552968450761014,2.2326378389275274,2.5703054127608103,2.8071766958975912,2.111682290091725,1.4565064005644592,2.1973591371837515,9.686523535933878,1.532103618586836,1.9453684104424958,2.1419211773006754,6.461042233645801,1.0986795685918758,1.9252091523031953,9.273258744078218,3.9512145953028925,1.6631387964922892,0.766051809293418,25.37546618284447,7.171656083056144,3.3313174075194034,9.515169841749824,0.851728656385445,3.6488257232133856,0.5644592279004133,7.060780163289991,4.818062695292813
0604,15913,5451,494,279,414,499,289,531,1286,167,155,130,508,74,197,1697,708,323,77,3112,679,432,1190,105,334,67,1614,457,100.0,34.25501162571483,3.104380066612204,1.7532834789166092,2.601646452585936,3.1358009174888455,1.8161251806698926,3.336894363099353,8.081442845472257,1.0494564192798341,0.9740463771758939,0.8169421227926852,3.1923584490668,0.46502859297429777,1.2379815245396846,10.664236787532207,4.449192484132471,2.0297869666310566,0.4838811035002828,19.55633758562182,4.266951549047948,2.7147615157418463,7.478162508640734,0.6598378684094766,2.0989128385596683,0.42103940174699933,10.142650662979953,2.871865770125055
0701,25069,7218,712,530,992,280,401,430,1330,453,417,321,1502,296,624,2866,892,876,99,9177,5051,381,2861,650,674,155,658,1520,100.0,28.792532609996407,2.8401611552116157,2.1141649048625792,3.957078463440903,1.1169173082292871,1.5995851449998006,1.7152658662092626,5.305357214089114,1.8070126450995254,1.6634089911843315,1.280465914077147,5.991463560572819,1.180741154413818,2.4891300011966973,11.432446447804061,3.5581794247875864,3.4943555786030553,0.39491004826678366,36.606964777214884,20.148390442379032,1.5198053372691371,11.412501495871394,2.5928437512465594,2.688579520523356,0.6182935099126411,2.6247556743388247,6.063265387530416
0702,19440,6649,679,456,932,339,408,443,1198,367,292,398,1302,247,417,1109,395,229,73,6367,3814,251,1726,426,357,116,625,1391,100.0,34.20267489711934,3.4927983539094654,2.345679012345679,4.794238683127572,1.7438271604938271,2.0987654320987654,2.27880658436214,6.162551440329218,1.8878600823045266,1.5020576131687244,2.0473251028806585,6.69753086419753,1.2705761316872428,2.1450617283950617,5.704732510288066,2.0318930041152266,1.1779835390946503,0.3755144032921811,32.75205761316872,19.61934156378601,1.2911522633744854,8.878600823045266,2.191358024691358,1.83641975308642,0.5967078189300412,3.2150205761316872,7.155349794238683
0703,14363,4840,422,245,522,235,247,333,1260,217,245,335,996,165,311,856,323,166,55,4366,2500,258,1193,237,324,212,478,1057,100.0,33.69769546752071,2.938104852746641,1.705771774698879,3.6343382301747544,1.6361484369560677,1.7196964422474412,2.318457146835619,8.772540555594235,1.5108264290190072,1.705771774698879,2.3323818143841817,6.934484439184015,1.148785072756388,2.165285803801434,5.959757710784655,2.2488338090928077,1.155747406530669,0.3829283575854626,30.397549258511454,17.405834435702847,1.796282113764534,8.3060641927174,1.6500731045046302,2.255796142867089,1.4760147601476015,3.3279955441063844,7.3591867994151645
0704,23712,7070,312,604,535,211,238,319,2424,624,341,638,2104,379,611,1387,505,244,115,9459,4747,296,3240,878,708,122,383,2133,100.0,29.81612685560054,1.3157894736842104,2.5472334682861,2.256241565452092,0.8898448043184886,1.003711201079622,1.3453103913630229,10.222672064777328,2.631578947368421,1.4380904183535763,2.6906207827260458,8.87314439946019,1.5983468286099867,2.5767543859649122,5.8493589743589745,2.12972334682861,1.0290148448043186,0.4849865047233468,39.891194331983804,20.019399460188932,1.2483130904183535,13.663967611336034,3.7027665317139005,2.98582995951417,0.5145074224021593,1.6152159244264508,8.995445344129555
0705,16610,5280,125,310,297,192,84,115,2418,445,310,502,1642,285,546,1324,549,238,205,6217,3593,120,1817,558,424,105,182,1509,100.0,31.788079470198678,0.7525586995785671,1.8663455749548463,1.7880794701986755,1.155930162552679,0.5057194461167971,0.6923540036122818,14.557495484647804,2.6791089704996986,1.8663455749548463,3.0222757375075253,9.885611077664059,1.715833835039133,3.2871763997591814,7.971101745936184,3.3052378085490672,1.4328717639975919,1.2341962673088502,37.429259482239615,21.631547260686336,0.7224563515954244,10.939193257074052,3.3594220349187234,2.5526791089704997,0.6321493076459964,1.0957254665863938,9.084888621312462
0706,11235,3479,77,84,138,101,35,43,2206,191,122,205,817,96,301,2538,1246,267,631,4126,1182,106,1631,255,675,49,59,604,100.0,30.965732087227416,0.6853582554517134,0.7476635514018692,1.2283044058744994,0.8989764129951046,0.3115264797507788,0.38273253226524256,19.635068980863373,1.7000445037828216,1.0858923008455719,1.8246550956831329,7.271918113039609,0.8544726301735648,2.679127725856698,22.590120160213615,11.090342679127726,2.376502002670227,5.616377392078327,36.72452158433467,10.520694259012016,0.9434801958166443,14.517133956386294,2.2696929238985315,6.008010680907877,0.43613707165109034,0.52514463729417,5.376056964842012
0707,10860,3972,145,168,227,129,49,109,2269,90,150,268,1134,156,534,1149,537,139,254,3485,1309,92,1507,262,549,65,156,671,100.0,36.574585635359114,1.3351749539594844,1.5469613259668509,2.0902394106813995,1.1878453038674033,0.45119705340699817,1.003683241252302,20.893186003683244,0.8287292817679558,1.3812154696132597,2.4677716390423576,10.441988950276244,1.4364640883977902,4.917127071823205,10.580110497237568,4.94475138121547,1.279926335174954,2.3388581952117864,32.0902394106814,12.05340699815838,0.847145488029466,13.876611418047883,2.4125230202578267,5.05524861878453,0.5985267034990792,1.4364640883977902,6.178637200736648
0801,89886,26640,2307,1393,2896,1020,1549,1928,5348,2570,2490,1022,7688,1392,2841,2419,804,420,211,38520,21824,422,13887,5695,1631,382,1713,6854,100.0,29.637540885121155,2.566584340164208,1.5497407827692855,3.2218587989230802,1.1347707095654496,1.7232939501145894,2.1449391451393987,5.949758583094141,2.8591771799835346,2.770175555703892,1.1369957501724406,8.553056093273701,1.54862826246579,3.1606701822308256,2.6911866141557086,0.8944663240104131,0.4672585274681263,0.2347417840375587,42.854282090648155,24.279643103486638,0.4694835680751174,15.449569454642548,6.335803128407093,1.8145206150012239,0.42498275593529583,1.905747279887858,7.625214160158422
0802,23700,6772,150,262,543,197,125,129,3198,628,587,426,2202,383,900,1219,474,179,225,10336,5734,145,3616,1308,700,119,178,2375,100.0,28.57383966244726,0.6329113924050633,1.1054852320675106,2.291139240506329,0.8312236286919831,0.5274261603375527,0.5443037974683544,13.493670886075948,2.649789029535865,2.4767932489451474,1.7974683544303798,9.291139240506329,1.6160337552742616,3.79746835443038,5.143459915611814,2.0,0.7552742616033755,0.949367088607595,43.61181434599156,24.19409282700422,0.6118143459915613,15.257383966244726,5.518987341772152,2.9535864978902953,0.5021097046413502,0.7510548523206751,10.021097046413502
0803,17009,3813,48,143,173,80,49,28,2586,170,133,182,1372,150,690,1487,589,173,369,8317,5402,60,2024,629,389,235,37,1937,100.0,22.417543653359985,0.28220353930272213,0.8407313775060262,1.0171085895702277,0.47033923217120344,0.2880827797048621,0.1646187312599212,15.203715679934152,0.9994708683638075,0.7819389734846258,1.0700217531894878,8.066317831736141,0.8818860603210065,4.05667587747663,8.742430477982245,3.4628725968604854,1.0171085895702277,2.1694397083896764,48.89764242459874,31.759656652360512,0.35275442412840263,11.899582573931449,3.698042212946087,2.287024516432477,1.3816214945029102,0.21753189487918162,11.388088658945264
0804,13026,3838,135,147,272,123,61,86,2104,183,135,241,1484,185,730,641,255,137,113,4881,3332,105,1072,292,286,180,123,1438,100.0,29.46414862582527,1.0363887609396591,1.1285122063565178,2.0881314294487945,0.9442653155228007,0.46829418086903113,0.6602180254874866,16.152310763089204,1.4048825426070934,1.0363887609396591,1.8501458621219098,11.392599416551512,1.4202364501765699,5.604176262858897,4.920927376017197,1.957623215108245,1.0517426685091356,0.8674957776754184,37.47121142330723,25.579610010747732,0.8060801473975125,8.229694457239367,2.241670505143559,2.19560878243513,1.381851681252879,0.9442653155228007,11.039459542453555
0901,9776,3565,266,128,298,238,201,188,1004,258,210,83,724,222,251,978,353,173,108,2803,1142,83,1070,192,265,281,221,476,100.0,36.466857610474634,2.720949263502455,1.309328968903437,3.048281505728314,2.434533551554828,2.0560556464811786,1.9230769230769231,10.270049099836335,2.6391162029459903,2.148117839607201,0.8490180032733224,7.405891980360066,2.2708674304418985,2.5675122749590837,10.004091653027823,3.6108837970540097,1.7696399345335516,1.104746317512275,28.672258592471355,11.681669394435353,0.8490180032733224,10.945171849427169,1.9639934533551555,2.7107201309328968,2.8743862520458263,2.2606382978723407,4.869067103109656
0902,9617,3752,117,141,218,105,126,117,1146,548,491,105,838,201,406,1460,577,226,215,2338,376,72,1089,70,457,542,121,189,100.0,39.014245606738065,1.2165956119371946,1.4661536861807216,2.2668191743787043,1.091816574815431,1.3101798897785173,1.2165956119371946,11.916398045128417,5.6982426952272025,5.105542268898825,1.091816574815431,8.713736092336488,2.0900488717895396,4.2216907559529995,15.181449516481232,5.999792034938131,2.3500051991265467,2.2356244150982634,24.31111573255693,3.909743163148591,0.7486742227305813,11.323697618800042,0.7278777165436207,4.7520016637204945,5.63585317666632,1.2581886243111158,1.965269834667776
0903,5839,1935,57,79,80,69,24,62,919,174,133,70,369,64,114,1182,471,96,326,2074,488,64,819,30,281,111,62,217,100.0,33.13923617057715,0.9761945538619627,1.352971399212194,1.3700976194553862,1.1817091967802706,0.41102928583661585,1.0618256550779244,15.738996403493749,2.979962322315465,2.2777872923445797,1.198835417023463,6.319575269737969,1.0960780955643088,1.9523891077239255,20.24319232745333,8.066449734543585,1.6441171433464634,5.583147799280699,35.51978078438089,8.357595478677855,1.0960780955643088,14.026374379174516,0.5137866072957699,4.812467888337045,1.9010104469943483,1.0618256550779244,3.716389792772735
0904,3236,1010,16,47,52,36,36,28,371,131,58,15,169,32,65,720,304,93,162,1116,78,25,592,20,237,107,39,48,100.0,31.211372064276887,0.4944375772558714,1.4524103831891224,1.6069221260815822,1.1124845488257107,1.1124845488257107,0.865265760197775,11.46477132262052,4.048207663782447,1.792336217552534,0.46353522867737945,5.222496909765143,0.9888751545117428,2.008652657601978,22.249690976514216,9.394313967861558,2.8739184177997528,5.006180469715699,34.48702101359704,2.4103831891223733,0.7725587144622992,18.294190358467244,0.6180469715698393,7.3238566131025955,3.30655129789864,1.2051915945611866,1.4833127317676145
0905,3542,1518,78,33,88,51,71,68,482,126,106,24,151,28,37,597,292,131,55,783,92,26,420,27,193,90,52,68,100.0,42.857142857142854,2.20214568040655,0.9316770186335404,2.484472049689441,1.4398644833427443,2.0045172219085265,1.9198193111236588,13.608130999435348,3.557312252964427,2.9926595143986447,0.6775832862789385,4.263128176171654,0.7905138339920948,1.0446075663466967,16.854884246188597,8.243929983060418,3.698475437605872,1.5527950310559007,22.10615471485037,2.5974025974025974,0.7340485601355167,11.857707509881422,0.7622811970638058,5.448898927159797,2.5409373235460193,1.4680971202710333,1.9198193111236588
1001,22473,4018,40,119,128,46,69,36,1519,440,577,60,929,110,351,10923,4866,829,3580,7186,473,80,1747,52,767,2854,39,423,100.0,17.879232857206425,0.1779913674186802,0.5295243180705735,0.5695723757397766,0.2046900725314822,0.30703510879722334,0.16019223067681218,6.75922217772438,1.957905041605482,2.567525475014462,0.2669870511280203,4.133849508298847,0.4894762604013705,1.5618742490989186,48.604992657856094,21.652649846482447,3.6888710897521473,15.930227383971877,31.9761491567659,2.1047479197258934,0.3559827348373604,7.773772972010858,0.23138877764428425,3.4129844702531926,12.699684065322833,0.1735415832332132,1.8822587104525432
1002,13698,4122,25,105,94,48,67,53,1812,487,627,48,575,66,254,5221,2284,491,1493,4107,385,66,1218,74,482,1012,37,175,100.0,30.091984231274637,0.18250839538618777,0.7665352606219886,0.686231566652066,0.3504161191414805,0.4891224996349832,0.3869177982187181,13.22820849759089,3.5552635421229377,4.577310556285589,0.3504161191414805,4.197693093882319,0.4818221638195357,1.8542852971236676,38.11505329245145,16.673967002482115,3.584464885384728,10.899401372463133,29.982479194042927,2.8106292889472915,0.4818221638195357,8.891809023215067,0.5402248503431158,3.5187618630457003,7.387939845232881,0.2701124251715579,1.2775587677033142
1003,3386,749,29,16,39,13,32,16,248,101,66,21,100,15,16,1032,423,126,244,1102,93,34,373,0,122,217,30,75,100.0,22.12049616066155,0.8564678086237448,0.47253396337861786,1.151801535735381,0.38393384524512697,0.9450679267572357,0.47253396337861786,7.324276432368576,2.9828706438275248,1.9492025989367987,0.6202008269344359,2.9533372711163617,0.4430005906674543,0.47253396337861786,30.47844063792085,12.492616656822209,3.7212049616066154,7.206142941523922,32.545776727702304,2.746603662138216,1.004134672179563,11.015948021264029,0.0,3.603071470761961,6.4087418783225045,0.8860011813349086,2.215002953337271
1004,2909,991,22,68,80,42,28,34,311,65,103,9,96,47,24,1018,409,154,225,615,86,10,202,15,104,90,36,66,100.0,34.066689584049506,0.7562736335510485,2.337573049157786,2.7500859401856306,1.4437951185974562,0.9625300790649707,1.168786524578893,10.69095909247164,2.234444826400825,3.5407356479889995,0.30938466827088346,3.300103128222757,1.615675489859058,0.8250257820556892,34.99484358886215,14.059814369199037,5.29391543485734,7.734616706772086,21.141285665177037,2.956342385699553,0.3437607425232038,6.943966998968717,0.5156411137848058,3.57511172224132,3.093846682708835,1.2375386730835338,2.2688209006531452
1101,12598,2371,21,51,104,31,43,28,900,333,344,83,1120,167,401,4376,1982,289,1395,3858,287,44,1283,47,722,2073,21,261,100.0,18.82044769010954,0.1666931258929989,0.40482616288299733,0.8255278615653278,0.24607080488966504,0.3413240196856644,0.2222575011906652,7.143991109699953,2.6432767105889825,2.730592157485315,0.658834735672329,8.890300047626608,1.3256072392443246,3.183044927766312,34.73567232894111,15.73265597713923,2.2940149230036515,11.073186220034927,30.623908556913797,2.2781393872043183,0.349261787585331,10.184156215272266,0.37307509128433086,5.731068423559295,16.45499285600889,0.1666931258929989,2.071757421812986
1102,9037,1816,46,78,95,46,61,44,569,294,243,55,577,135,206,2124,859,208,513,3062,197,71,1542,38,775,1539,61,178,100.0,20.095164324443953,0.5090184795839326,0.8631182914684076,1.051233816532035,0.5090184795839326,0.6750027664047803,0.486887241341153,6.29633728007082,3.253292021688613,2.6889454464977316,0.6086090516764413,6.384862233041938,1.4938585813876286,2.2795175390063074,23.503375013832024,9.505366825273875,2.301648777249087,5.676662609272989,33.882925749695694,2.179926966913799,0.7856589576186788,17.063184685183135,0.42049352661281403,8.575854819077128,17.029987827818964,0.6750027664047803,1.9696802036073917
1103,21722,5775,170,183,359,102,186,129,1973,800,411,199,1554,493,436,5025,1962,542,1091,6655,577,213,2808,90,1022,2262,115,375,100.0,26.585949728385966,0.7826167019611453,0.84246386152288,1.6527023294355951,0.4695700211766872,0.8562747444986649,0.5938679679587515,9.082957370407883,3.682902126875978,1.892090967682534,0.9161219040603996,7.154037381456588,2.2695884356873215,2.007181659147408,23.13322898443974,9.032317466163336,2.495166190958475,5.022557775527115,30.637142067949547,2.6562931590092993,0.9805726912807292,12.926986465334684,0.41432648927354754,4.7049074670840625,10.413405763741828,0.5294171807384219,1.7263603719731149
1104,14944,4222,190,92,297,113,194,143,1169,597,533,108,1251,265,350,4081,1813,469,849,3331,374,109,1183,80,487,1660,157,307,100.0,28.252141327623125,1.2714132762312635,0.6156316916488223,1.987419700214133,0.7561563169164882,1.2981798715203428,0.9569057815845824,7.822537473233404,3.9949143468950754,3.566648822269807,0.7226980728051392,8.371252676659529,1.7732869379014988,2.3420770877944324,27.308618843683085,12.13195931477516,3.13838329764454,5.6812098501070665,22.28988222698073,2.502676659528908,0.729389721627409,7.916220556745182,0.5353319057815845,3.2588329764453965,11.108137044967881,1.0505888650963597,2.0543361884368307
1105,4678,1420,105,35,115,73,68,71,383,110,100,22,186,62,50,955,342,137,101,1527,124,94,672,21,270,133,60,94,100.0,30.354852501068834,2.244548952543822,0.748182984181274,2.4583155194527575,1.5604959384352288,1.453612654980761,1.5177426250534416,8.187259512612227,2.3514322359982898,2.1376656690893543,0.470286447199658,3.976058144506199,1.3253527148353996,1.0688328345446771,20.414707139803333,7.310816588285592,2.9286019666524155,2.159042325780248,32.642154766994445,2.6507054296707993,2.0094057289439933,14.365113296280462,0.44890979050876445,5.771697306541257,2.8430953398888414,1.2825994014536126,2.0094057289439933
1210,22504,6724,231,231,425,119,153,130,2986,1038,341,450,2263,505,757,1299,471,233,202,9405,5545,191,2449,625,459,180,219,1797,100.0,29.87913259864913,1.0264841805901173,1.0264841805901173,1.8885531461073586,0.5287948809100604,0.6798791325986492,0.5776750799857803,13.268752221827231,4.612513330963385,1.515286171347316,1.9996445076430855,10.055990046214006,2.244045503021685,3.3638464273018127,5.772307145396375,2.0929612513330964,1.0353714895129755,0.8976182012086741,41.79257020974049,24.640063988624245,0.8487380021329541,10.882509776039816,2.7772840383931743,2.039637397795947,0.7998578030572343,0.9731603270529684,7.985247067188056
1221,18835,5961,208,546,393,147,107,99,2284,748,408,393,1815,411,589,2079,907,259,389,6883,3536,219,1953,384,502,212,137,1523,100.0,31.64852667905495,1.1043270507034777,2.8988585080966285,2.0865410140695517,0.7804619060260154,0.5680913193522698,0.5256172020175206,12.126360499070879,3.9713299707990446,2.166179984072206,2.0865410140695517,9.63631537032121,2.182107778072737,3.127156888770905,11.037961242367931,4.815503052827184,1.3750995487125033,2.0653039554021766,36.54366870188479,18.773559861959118,1.1627289620387578,10.368993894345634,2.0387576320679583,2.6652508627555083,1.1255641093708522,0.727369259357579,8.086010087602867
1222,2954,1245,128,77,69,102,48,73,385,36,53,70,186,25,30,276,152,42,23,736,291,74,218,18,78,61,38,188,100.0,42.14624238320921,4.333107650643195,2.6066350710900474,2.335815842924848,3.4529451591062967,1.6249153689911984,2.4712254570074474,13.033175355450238,1.2186865267433988,1.7941773865944481,2.3696682464454977,6.296547054840894,0.8463100880162491,1.0155721056194988,9.343263371699392,5.145565335138795,1.4218009478672986,0.7786052809749492,24.915368991198374,9.851049424509139,2.5050778605280972,7.379823967501693,0.6093432633716994,2.640487474610697,2.064996614759648,1.2863913337846988,6.3642518618821935
1223,3875,1853,162,73,177,150,57,122,480,50,100,76,214,40,56,344,111,81,43,718,246,86,218,13,85,18,175,177,100.0,47.81935483870968,4.180645161290323,1.8838709677419356,4.5677419354838715,3.870967741935484,1.4709677419354839,3.148387096774193,12.387096774193548,1.2903225806451613,2.5806451612903225,1.961290322580645,5.52258064516129,1.032258064516129,1.4451612903225806,8.87741935483871,2.8645161290322583,2.0903225806451613,1.1096774193548387,18.529032258064515,6.348387096774194,2.2193548387096773,5.625806451612903,0.33548387096774196,2.193548387096774,0.46451612903225803,4.516129032258064,4.5677419354838715
1230,31978,8899,517,251,825,159,149,165,4527,615,534,346,2373,471,957,3269,1565,291,569,13813,6182,339,4474,702,1307,435,178,2158,100.0,27.828507098630308,1.6167365063481143,0.7849146288073051,2.5798986803427355,0.4972168365751454,0.46594533741947586,0.5159797360685471,14.156607667771592,1.9231971980736757,1.6698980549127527,1.0819938707861654,7.4207267496403775,1.4728876102320345,2.9926824691975735,10.222653073988367,4.89398961786228,0.9100006254299832,1.7793483019575957,43.19532178372631,19.332040778034898,1.060103821377197,13.990868722246544,2.1952592407280003,4.087184939646007,1.3603102132716243,0.5566326849709176,6.748389517793483
